,steel,carbon,hardness,condition,formability,strength,surface_quality,shape,thick,width,len,bore,target
0,A,8,0,S,,0,G,COIL,0.7,610.0,0,0,3
1,R,0,0,S,2,0,E,COIL,3.2,610.0,0,0,3
2,R,0,0,S,2,0,E,SHEET,0.7,1300.0,762,0,3
3,A,0,60,,,0,G,COIL,2.801,385.1,0,0,3
4,A,0,60,,,0,G,SHEET,0.801,255.0,269,0,3
5,A,0,45,S,,0,D,COIL,1.6,610.0,0,0,3
6,R,0,0,S,2,0,E,SHEET,0.699,610.0,4880,0,3
7,A,0,0,S,2,0,E,COIL,3.3,152.0,0,0,3
8,R,0,0,S,2,0,E,COIL,0.699,1320.0,0,0,3
9,A,0,0,S,3,0,E,SHEET,1.0,1320.0,762,0,3
10,R,0,0,S,2,0,E,COIL,1.2,610.0,0,0,3
11,R,0,0,S,2,0,E,SHEET,0.3,1320.0,4880,0,3
12,R,0,0,S,2,0,E,SHEET,1.2,610.0,150,0,3
13,A,0,45,S,,0,D,COIL,1.2,609.9,0,0,3
14,A,0,0,S,2,0,F,SHEET,0.6,1220.0,761,0,3
15,A,0,0,S,2,0,E,SHEET,4.0,1320.0,762,0,3
16,A,10,0,,,0,E,COIL,3.201,600.0,0,0,U
17,A,0,80,,,0,G,SHEET,0.8,610.0,4170,0,U
18,A,0,0,S,2,0,E,SHEET,3.2,1320.1,762,0,3
19,A,0,70,,,0,G,COIL,0.501,1200.1,0,0,3
20,A,0,0,S,2,0,F,SHEET,0.6,610.0,761,0,3
21,K,55,0,,,0,G,COIL,0.8,610.0,0,0,3
22,A,0,85,,,0,G,COIL,1.001,50.0,0,0,U
23,S,70,0,,,0,E,COIL,3.2,609.9,0,0,3
25,A,0,50,,,0,G,COIL,3.2,1320.0,0,0,3
26,A,0,60,,,0,G,SHEET,0.8,356.0,4880,0,3
27,R,0,0,S,2,0,E,SHEET,0.7,609.9,4170,0,3
28,K,55,0,,,0,E,COIL,0.8,900.0,0,0,3
29,W,0,0,,,310,G,COIL,1.6,610.0,0,500,3
30,A,0,0,,3,0,F,SHEET,0.6,610.0,4880,0,5
31,A,0,45,S,,0,E,SHEET,1.4,1320.0,4170,0,3
32,A,0,45,S,,0,D,SHEET,0.699,1320.0,762,0,3
33,A,0,85,,,0,G,COIL,4.0,450.0,0,0,U
34,A,0,0,S,3,0,F,SHEET,0.75,1320.0,4880,0,3
35,A,0,0,,3,0,E,COIL,1.6,1220.0,0,0,5
36,M,0,0,,,350,G,COIL,1.399,1320.0,0,0,3
37,A,0,50,,,0,G,COIL,0.6,1320.0,0,0,3
38,R,0,0,S,2,0,E,COIL,0.651,20.0,0,0,3
39,R,0,0,S,2,0,E,SHEET,1.6,374.9,4880,0,3
40,A,0,0,S,3,0,E,COIL,1.6,50.0,0,0,3
41,R,0,0,S,2,0,E,SHEET,0.699,1320.0,4880,0,3
42,A,0,50,,,0,E,COIL,0.7,610.0,0,0,3
43,R,0,0,S,3,0,E,SHEET,0.6,610.0,762,0,3
44,A,0,0,,3,0,E,COIL,0.799,20.0,0,0,5
45,A,0,0,S,2,0,F,SHEET,0.6,610.0,301,0,3
46,R,0,0,S,3,0,E,SHEET,0.601,610.0,4880,0,3
47,A,0,45,S,,0,D,SHEET,0.7,1320.0,4880,0,3
48,W,0,0,,,310,G,COIL,2.5,1274.9,0,500,3
49,A,0,0,S,2,0,G,SHEET,0.699,1320.0,4880,0,3
50,A,0,0,S,2,0,E,SHEET,0.7,609.9,762,0,3
51,A,0,0,S,1,0,G,SHEET,0.3,1320.0,761,0,3
52,R,0,0,S,2,0,E,SHEET,1.599,1300.0,762,0,3
53,A,0,45,S,,0,D,SHEET,0.599,150.0,4880,0,3
54,A,0,0,S,2,0,E,COIL,0.7,1320.0,0,0,3
55,R,0,0,S,2,0,E,SHEET,0.7,374.9,4880,0,3
56,A,0,0,A,2,0,G,SHEET,0.301,610.0,762,0,3
57,A,0,0,,,500,G,COIL,1.6,1320.0,0,0,3
58,A,0,0,S,2,0,G,SHEET,3.2,1300.0,762,0,3
59,A,0,0,S,5,0,E,SHEET,1.2,610.0,762,0,3
60,A,0,0,S,5,0,E,SHEET,1.2,610.0,4880,0,3
61,A,0,0,S,3,0,F,SHEET,0.6,1220.0,762,0,3
62,A,0,45,S,,0,D,COIL,0.301,610.0,0,0,3
63,A,0,85,,,0,E,SHEET,1.0,610.0,762,0,U
64,R,0,0,S,2,0,E,SHEET,1.6,500.0,762,0,3
65,A,0,0,S,1,0,G,SHEET,0.301,515.0,610,0,3
66,A,0,0,,3,0,E,SHEET,1.2,335.0,611,0,5
67,R,0,0,S,3,0,E,SHEET,0.8,1320.0,762,0,2
68,A,0,0,S,2,0,E,COIL,0.4,20.0,0,0,3
69,A,0,0,,3,0,E,COIL,0.6,250.0,0,0,5
70,A,0,70,,,0,G,COIL,0.801,610.0,0,600,3
71,R,0,0,S,2,0,E,COIL,3.5,610.0,0,600,3
72,A,0,0,S,1,0,G,SHEET,0.699,610.0,762,0,3
73,R,0,0,S,2,0,E,COIL,0.799,1300.0,0,0,3
74,A,4,0,,,0,G,COIL,0.5,1130.0,0,0,3
75,R,0,0,S,3,0,E,SHEET,0.6,609.0,612,0,3
76,A,0,0,,,500,E,SHEET,1.6,609.9,4880,0,2
77,A,0,0,S,3,0,G,COIL,0.601,1320.0,0,0,3
78,A,0,70,,,0,E,COIL,2.0,1250.0,0,0,3
79,R,0,0,S,2,0,E,SHEET,3.2,1320.0,4880,0,3
80,A,0,45,S,,0,E,COIL,0.7,610.0,0,0,3
81,A,0,0,S,2,0,F,SHEET,0.6,610.0,762,0,3
82,V,0,0,S,2,0,E,SHEET,1.599,610.0,1,0,2
83,A,0,50,,,0,G,COIL,0.8,609.9,0,0,3
84,R,0,0,S,3,0,E,SHEET,1.6,610.0,4880,0,3
85,K,45,0,,,0,E,COIL,3.2,640.0,0,600,3
86,R,0,0,S,3,0,G,SHEET,0.8,1320.0,4880,0,2
87,A,0,0,S,2,0,E,COIL,1.6,610.0,0,0,3
88,M,0,0,,,600,G,COIL,1.6,1090.0,0,0,2
89,A,0,0,A,1,0,E,COIL,0.5,610.0,0,0,5
90,A,10,0,,,0,E,COIL,1.201,1320.0,0,0,U
91,A,0,0,S,1,0,G,SHEET,0.3,610.0,762,0,3
92,A,0,0,S,2,0,E,SHEET,0.7,1320.1,4880,0,3
93,A,0,0,S,2,0,E,SHEET,0.7,610.0,4880,0,3
94,K,55,0,,,0,E,COIL,1.5,640.0,0,0,3
95,A,0,45,S,,0,D,SHEET,0.599,609.9,4880,0,3
96,R,0,0,S,3,0,E,SHEET,0.8,610.0,762,0,2
97,A,0,0,,3,0,F,SHEET,1.6,610.0,761,0,5
98,A,0,0,,3,0,E,COIL,0.6,610.0,0,0,5
99,R,0,0,S,2,0,E,SHEET,1.599,610.0,4880,0,2
100,R,0,0,S,2,0,E,SHEET,2.0,610.0,612,0,2
101,R,0,0,,,500,E,SHEET,1.0,610.0,4880,0,3
102,A,0,0,S,2,0,F,SHEET,0.999,610.0,762,0,3
103,A,0,0,S,2,0,F,SHEET,0.699,610.0,761,0,3
104,R,6,0,,,0,G,COIL,0.5,25.0,0,0,3
105,A,0,45,S,,0,D,SHEET,0.7,610.0,762,0,3
106,A,0,45,S,,0,D,COIL,1.6,610.0,0,0,3
107,A,0,0,,3,0,F,SHEET,0.5,1220.0,4880,0,5
108,R,0,0,S,2,0,E,SHEET,0.7,1300.0,4880,0,3
109,A,0,0,S,2,0,E,SHEET,0.7,609.9,762,0,3
110,A,0,0,S,2,0,G,COIL,0.7,1320.0,0,0,3
111,A,0,70,,,0,G,COIL,0.8,50.0,0,0,3
112,A,0,0,,3,0,F,SHEET,0.6,1220.0,761,0,5
113,R,0,0,S,2,0,E,SHEET,0.699,610.0,4880,0,3
114,R,0,0,,,500,E,SHEET,1.0,1100.0,762,0,3
115,M,0,0,,,600,G,COIL,1.6,1090.0,0,0,2
116,A,0,85,,,0,G,COIL,3.2,610.0,0,0,U
117,A,0,45,S,,0,D,SHEET,0.599,520.0,4880,0,3
118,R,0,0,A,2,0,G,COIL,0.25,20.0,0,0,3
120,R,0,0,S,2,0,E,SHEET,0.699,610.0,4880,0,3
121,A,0,0,S,2,0,G,SHEET,0.7,1300.0,4880,0,3
122,A,0,45,S,,0,D,COIL,0.699,1320.0,0,0,3
123,A,4,0,,,0,G,COIL,1.0,1130.0,0,0,3
124,A,0,50,,,0,G,COIL,0.451,1320.0,0,0,3
125,A,0,0,,3,0,E,COIL,1.6,1220.0,0,0,5
126,W,0,0,,,310,G,COIL,1.599,1275.0,0,0,3
127,A,0,0,,3,0,E,SHEET,1.6,610.0,4880,0,5
128,R,0,0,S,3,0,E,COIL,1.599,610.0,0,0,2
129,R,0,0,S,2,0,E,SHEET,2.0,610.0,4170,0,2
130,R,0,0,S,2,0,E,COIL,1.2,1220.0,0,0,3
131,K,45,0,,,0,E,COIL,1.09,610.0,0,0,3
132,R,0,0,S,2,0,E,SHEET,1.599,1300.0,762,0,2
133,V,0,0,S,2,0,E,COIL,1.201,1525.0,0,0,2
134,K,55,0,,,0,E,COIL,1.1,900.0,0,0,3
135,R,0,0,S,3,0,E,SHEET,2.0,1525.0,612,0,2
136,A,0,0,S,2,0,E,COIL,3.5,610.0,0,600,3
137,A,0,50,,,0,G,COIL,0.6,610.0,0,0,3
138,A,0,0,,3,0,E,COIL,1.6,610.0,0,0,5
139,W,0,0,,,310,G,SHEET,2.5,610.0,4880,0,3
140,A,0,60,,,0,G,COIL,0.6,50.0,0,0,3
141,A,0,45,S,,0,D,SHEET,0.699,1320.0,760,0,3
142,R,0,0,A,3,0,G,COIL,0.4,58.0,0,0,3
143,R,0,0,S,2,0,E,COIL,3.2,609.9,0,0,3
144,A,0,0,A,2,0,G,COIL,0.7,1320.0,0,0,3
145,A,0,50,,,0,E,COIL,1.6,1250.0,0,0,3
146,R,0,0,S,3,0,E,SHEET,1.601,830.0,881,0,2
147,M,0,0,,,350,G,COIL,0.9,1320.0,0,0,3
148,V,0,0,S,2,0,E,COIL,2.0,1525.0,0,0,2
149,A,0,0,S,2,0,F,SHEET,0.699,520.0,762,0,3
150,A,0,60,,,0,G,COIL,0.8,710.1,0,0,3
151,A,0,50,,,0,E,COIL,0.6,610.0,0,0,3
152,R,0,0,,,500,E,COIL,1.6,1320.0,0,0,3
153,R,0,0,S,3,0,E,SHEET,0.6,610.0,4880,0,3
154,A,0,0,S,2,0,E,SHEET,1.6,1320.0,1000,0,3
155,A,0,0,S,2,0,G,SHEET,0.7,610.0,4880,0,3
156,A,0,45,S,,0,D,COIL,0.699,1320.0,0,0,3
157,A,0,85,,,0,G,COIL,3.201,1000.0,0,600,U
158,A,0,0,,3,0,F,SHEET,0.6,1220.0,4880,0,5
159,A,0,0,S,3,0,E,COIL,1.0,75.0,0,0,3
160,A,0,0,A,1,0,E,COIL,1.6,1220.0,0,0,5
161,A,0,0,S,2,0,E,COIL,3.2,609.9,0,0,3
162,R,0,0,S,2,0,E,COIL,0.7,1320.0,0,0,3
163,A,0,70,,,0,G,COIL,2.5,609.9,0,0,3
164,A,0,0,S,2,0,F,SHEET,0.699,609.9,0,0,3
165,R,0,0,S,2,0,E,SHEET,3.2,610.0,1000,0,3
166,R,0,0,S,2,0,E,COIL,0.9,966.1,0,0,3
167,A,0,0,S,3,0,E,COIL,1.001,610.0,0,0,3
168,R,0,0,S,3,0,E,SHEET,0.601,375.0,612,0,3
169,A,0,0,,3,0,E,COIL,0.8,50.0,0,0,5
170,K,45,0,,,0,G,COIL,0.6,610.0,0,0,3
171,A,0,0,S,2,0,E,COIL,3.2,1320.0,0,0,3
172,A,0,0,,3,0,F,SHEET,0.6,610.0,4880,0,5
173,A,0,0,S,2,0,F,SHEET,0.999,1220.0,762,0,3
174,R,0,0,S,2,0,E,COIL,1.6,50.0,0,0,2
175,A,0,0,S,2,0,G,SHEET,1.2,335.0,4170,0,3
176,A,0,0,S,5,0,E,SHEET,1.2,1250.0,4880,0,3
177,W,0,0,,,310,G,COIL,2.5,1274.9,0,600,3
178,R,0,0,S,2,0,E,COIL,0.7,610.0,0,0,3
179,V,0,0,S,2,0,E,SHEET,0.8,1320.0,1,0,2
180,A,0,85,,,0,G,COIL,3.2,609.9,0,0,U
181,A,0,0,,3,0,E,COIL,1.6,50.0,0,0,5
182,A,0,0,S,2,0,E,SHEET,0.699,610.0,4880,0,3
183,A,0,0,S,2,0,E,SHEET,1.599,1300.0,4880,0,3
184,A,0,0,S,2,0,E,SHEET,0.7,610.0,4880,0,3
185,A,0,0,S,3,0,E,COIL,0.6,1320.0,0,0,3
186,A,0,0,A,2,0,G,SHEET,0.301,610.0,4880,0,3
187,A,0,0,S,2,0,F,SHEET,0.6,1220.0,762,0,3
189,A,0,85,,,0,G,COIL,4.0,1000.0,0,600,U
190,K,65,0,,,0,E,COIL,1.5,640.0,0,0,3
191,A,0,0,,3,0,E,SHEET,1.2,335.0,612,0,5
192,A,0,0,S,2,0,F,SHEET,0.6,520.0,4880,0,3
193,A,0,0,S,2,0,E,COIL,1.6,1320.0,0,0,3
194,R,0,0,S,2,0,E,COIL,3.2,1320.0,0,0,3
195,A,0,0,S,2,0,G,COIL,0.4,20.0,0,0,3
196,A,0,0,S,2,0,E,SHEET,0.3,610.0,4880,0,3
197,A,0,0,S,2,0,F,SHEET,0.6,610.0,4880,0,3
198,A,0,0,S,2,0,F,SHEET,0.699,520.0,4880,0,3
199,A,0,45,S,,0,D,SHEET,0.3,610.0,762,0,3
200,R,0,0,S,2,0,E,COIL,0.699,610.0,0,0,3
201,R,0,0,S,2,0,E,SHEET,3.2,610.0,762,0,3
202,A,0,50,,,0,E,COIL,0.6,1250.0,0,0,3
203,A,0,0,S,2,0,E,COIL,1.6,1320.0,0,0,3
204,A,0,0,S,2,0,E,SHEET,0.3,1320.0,762,0,3
205,R,0,0,S,2,0,E,SHEET,0.699,610.0,762,0,3
206,R,0,0,S,2,0,E,COIL,0.901,966.1,0,0,3
207,R,0,0,S,2,0,E,SHEET,0.3,595.0,4880,0,3
208,A,0,0,S,2,0,F,SHEET,0.6,1220.0,4880,0,3
209,A,0,0,S,2,0,F,SHEET,0.699,609.9,4880,0,3
210,S,70,0,,,0,E,SHEET,2.0,1000.0,4880,0,3
211,A,0,0,S,3,0,E,SHEET,1.0,610.0,4880,0,3
212,A,0,0,S,1,0,G,COIL,3.2,60.0,0,0,3
213,K,55,0,,,0,G,COIL,1.0,900.0,0,0,3
214,A,0,45,S,,0,D,COIL,0.7,1320.0,0,0,3
215,R,0,0,S,2,0,E,COIL,1.6,1320.0,0,0,3
216,A,0,45,S,,0,D,SHEET,1.6,610.0,762,0,3
217,K,55,0,,,0,G,COIL,2.3,900.0,0,500,3
218,R,0,0,S,2,0,E,SHEET,0.8,1300.0,762,0,2
219,A,0,0,A,2,0,G,SHEET,0.301,1320.0,4880,0,3
220,A,0,50,,,0,G,COIL,0.601,610.0,0,0,3
221,R,0,0,S,2,0,E,SHEET,3.2,1320.0,762,0,3
222,M,0,0,,,600,G,COIL,1.3,1090.0,0,0,2
223,A,0,0,S,2,0,F,SHEET,0.699,520.0,4880,0,3
224,M,0,0,,,600,G,SHEET,0.9,610.0,1220,0,2
225,R,0,0,S,2,0,E,SHEET,3.2,1300.0,762,0,3
226,M,0,0,,,350,G,COIL,1.399,609.9,0,0,3
227,R,0,0,S,3,0,E,SHEET,1.599,610.0,761,0,2
228,A,0,0,S,2,0,E,COIL,0.699,610.0,0,0,3
229,R,0,0,S,2,0,E,COIL,0.7,1220.0,0,0,3
230,R,0,0,S,2,0,E,COIL,0.699,1320.0,0,0,3
231,A,0,45,S,,0,D,SHEET,0.599,610.0,761,0,3
232,A,0,0,S,2,0,F,SHEET,0.699,610.0,400,0,3
233,A,0,45,S,,0,D,SHEET,1.6,1320.0,612,0,3
234,A,0,0,A,1,0,F,SHEET,0.5,609.9,612,0,5
235,A,0,45,S,,0,D,COIL,0.301,1320.0,0,0,3
236,K,65,0,,,0,E,COIL,3.2,640.0,0,500,3
237,A,0,0,S,3,0,F,SHEET,0.6,610.0,762,0,3
238,A,0,0,,3,0,E,COIL,0.6,249.9,0,0,5
239,R,0,0,S,2,0,E,COIL,0.7,610.0,0,0,3
240,R,0,0,S,2,0,E,SHEET,3.2,1300.0,762,0,3
241,A,0,0,S,2,0,E,SHEET,1.599,1320.0,762,0,3
242,A,0,0,S,2,0,E,COIL,0.8,609.9,0,0,3
243,A,0,60,,,0,G,COIL,1.9,1135.0,0,600,3
244,V,0,0,S,2,0,G,COIL,0.699,609.9,0,0,3
245,A,0,0,S,2,0,E,COIL,0.699,610.0,0,0,3
246,R,0,0,S,3,0,E,SHEET,0.8,1320.0,762,0,2
247,R,0,0,S,2,0,E,COIL,0.901,966.0,0,0,3
248,A,0,0,S,2,0,G,SHEET,0.7,610.0,762,0,3
249,A,0,0,S,5,0,E,COIL,0.8,75.0,0,0,3
250,R,0,0,S,2,0,E,SHEET,0.7,1320.0,762,0,3
251,A,0,50,,,0,E,SHEET,0.601,1250.0,762,0,3
252,A,0,60,,,0,G,COIL,0.799,609.0,0,0,3
253,R,6,0,,,0,E,SHEET,1.0,610.0,4880,0,3
254,A,0,50,,,0,E,COIL,0.6,20.0,0,0,3
255,K,45,0,,,0,G,COIL,0.6,900.0,0,0,3
256,R,6,0,,,0,E,SHEET,1.0,610.0,762,0,3
257,A,0,0,A,1,0,E,COIL,0.5,250.0,0,0,5
258,A,0,0,,3,0,E,COIL,0.6,50.0,0,0,5
259,W,0,0,,,310,G,SHEET,2.5,1274.9,762,0,3
260,A,0,60,,,0,G,SHEET,0.801,255.1,270,0,3
261,R,0,0,S,2,0,E,SHEET,1.6,1500.0,4170,0,2
262,R,0,0,S,2,0,E,SHEET,0.8,610.0,4880,0,2
263,A,0,0,S,3,0,E,COIL,0.6,20.0,0,0,3
264,A,0,0,S,2,0,G,COIL,0.7,1320.0,0,0,3
265,A,0,0,A,1,0,E,COIL,1.6,610.0,0,0,5
266,A,0,0,S,2,0,F,SHEET,0.7,1220.0,4880,0,3
267,A,0,85,,,0,G,SHEET,0.3,1220.0,762,0,U
268,A,0,0,S,2,0,G,COIL,3.2,610.0,0,0,3
269,A,0,0,S,3,0,E,SHEET,0.601,610.0,762,0,3
270,R,0,0,S,2,0,E,COIL,0.321,610.0,0,0,3
271,A,0,0,S,3,0,E,COIL,0.601,1220.0,0,0,3
272,R,0,0,S,2,0,E,COIL,0.699,610.0,0,0,3
273,R,0,0,S,2,0,E,SHEET,3.2,150.0,4880,0,3
274,A,0,0,S,2,0,F,SHEET,0.7,1220.0,762,0,3
275,A,0,0,A,1,0,E,COIL,0.6,250.0,0,0,5
276,A,0,85,,,0,G,COIL,3.2,1220.0,0,0,U
277,R,0,0,S,2,0,E,SHEET,0.8,1320.0,762,0,2
279,A,0,0,S,3,0,F,SHEET,1.2,610.0,4170,0,3
280,A,0,0,S,2,0,F,SHEET,0.699,1320.0,761,0,3
281,R,0,0,S,3,0,G,SHEET,0.8,1320.0,4880,0,2
282,R,0,0,S,2,0,E,SHEET,3.2,150.0,762,0,3
283,M,0,0,,,600,G,SHEET,1.299,1050.0,1220,0,2
284,R,0,0,S,2,0,E,SHEET,3.2,1300.0,4880,0,3
285,R,0,0,S,3,0,E,SHEET,0.6,375.0,4880,0,3
286,A,0,0,S,2,0,G,SHEET,0.7,610.0,762,0,3
287,R,6,0,,,0,E,COIL,1.2,1220.0,0,0,3
289,R,6,0,,,0,E,SHEET,1.0,1320.0,762,0,3
290,A,0,70,,,0,G,COIL,2.5,610.0,0,600,3
291,R,0,0,S,2,0,E,SHEET,0.8,610.0,4880,0,2
292,R,0,0,S,3,0,E,SHEET,0.6,520.0,762,0,3
293,A,0,70,,,0,G,COIL,0.8,50.0,0,0,3
294,A,0,0,S,2,0,E,SHEET,0.3,1320.0,4880,0,3
295,A,0,0,S,2,0,G,COIL,0.7,610.0,0,0,3
296,A,0,0,,,500,G,SHEET,2.0,610.0,762,0,2
297,A,0,0,A,1,0,F,SHEET,0.5,609.9,3000,0,5
298,A,0,0,S,1,0,G,COIL,0.7,610.0,0,0,3
299,R,0,0,S,2,0,E,SHEET,1.0,610.0,4880,0,3
300,R,0,0,S,2,0,E,COIL,1.601,1320.0,0,0,3
301,R,0,0,S,2,0,E,SHEET,0.301,610.0,762,0,3
302,R,0,0,S,2,0,E,SHEET,1.2,609.9,612,0,2
303,R,0,0,S,2,0,E,SHEET,0.8,1500.0,4170,0,2
304,A,0,45,S,,0,D,SHEET,0.7,1300.0,762,0,3
305,R,0,0,S,2,0,E,COIL,1.201,50.0,0,0,3
306,A,0,0,S,3,0,F,SHEET,0.75,610.0,4880,0,3
307,R,0,0,S,2,0,E,SHEET,0.7,374.9,762,0,3
308,R,0,0,,,500,E,COIL,1.6,609.9,0,0,3
309,R,0,0,S,2,0,E,SHEET,0.8,610.0,4880,0,2
310,K,65,0,,,0,E,COIL,1.09,900.0,0,0,3
311,R,0,0,S,2,0,E,COIL,0.699,1320.0,0,0,3
312,R,0,0,S,2,0,E,SHEET,0.7,150.0,762,0,3
313,K,55,0,,,0,E,COIL,2.2,900.0,0,0,3
314,V,0,0,S,2,0,G,SHEET,0.7,610.0,4880,0,3
315,A,4,0,,,0,G,COIL,1.0,25.0,0,0,3
316,R,0,0,S,2,0,E,COIL,0.699,610.0,0,0,3
317,A,0,0,S,2,0,E,COIL,0.7,610.0,0,0,3
318,R,0,0,S,2,0,E,SHEET,1.599,1320.0,4880,0,2
319,V,0,0,S,2,0,E,SHEET,0.7,1320.0,762,0,3
320,R,0,0,S,2,0,E,SHEET,3.2,1320.0,4880,0,3
321,R,0,0,S,2,0,E,SHEET,0.699,1320.0,762,0,3
322,A,0,50,,,0,G,COIL,0.601,610.0,0,0,3
323,A,0,0,,3,0,F,SHEET,0.6,610.0,761,0,5
324,R,0,0,S,2,0,E,COIL,3.2,610.0,0,0,3
325,K,65,0,,,0,E,COIL,2.3,900.0,0,600,3
326,A,0,0,S,2,0,F,SHEET,0.6,300.1,4880,0,3
327,A,0,0,S,2,0,F,SHEET,0.699,300.1,4880,0,3
328,R,0,0,S,2,0,E,COIL,4.0,610.0,0,600,3
329,R,0,0,S,2,0,E,SHEET,1.599,610.0,762,0,3
330,A,0,85,,,0,E,SHEET,0.4,1220.0,762,0,U
331,M,0,0,,,350,G,COIL,1.601,609.9,0,0,3
332,A,0,45,S,,0,D,SHEET,0.4,1220.0,300,0,3
333,R,0,0,S,3,0,E,COIL,1.6,1220.0,0,0,3
334,R,0,0,S,2,0,E,SHEET,0.7,1300.0,762,0,3
335,A,0,85,,,0,G,SHEET,0.3,1220.0,4880,0,U
336,A,0,0,,3,0,F,SHEET,1.6,1220.0,761,0,5
337,A,0,0,S,2,0,G,COIL,0.4,610.0,0,0,3
338,A,0,45,S,,0,D,SHEET,0.3,610.0,762,0,3
339,R,6,0,,,0,E,COIL,1.0,610.0,0,0,3
340,A,0,0,S,2,0,G,SHEET,0.7,610.0,4880,0,3
342,A,0,0,S,3,0,E,COIL,2.5,1320.0,0,0,3
343,A,0,50,,,0,E,SHEET,1.6,1250.0,4880,0,3
344,A,0,0,S,2,0,E,COIL,0.7,610.0,0,0,3
345,A,0,50,,,0,G,COIL,0.601,1320.0,0,0,3
346,A,0,0,S,2,0,E,SHEET,0.7,1320.1,762,0,3
347,R,0,0,S,2,0,E,COIL,3.201,385.1,0,0,3
348,R,0,0,S,2,0,E,SHEET,1.6,500.0,4880,0,3
349,A,0,0,A,2,0,G,SHEET,0.7,1320.0,4880,0,3
350,A,0,0,S,2,0,G,COIL,4.0,500.0,0,0,3
351,A,0,0,S,2,0,G,COIL,0.4,609.9,0,0,3
352,R,0,0,S,3,0,E,SHEET,1.6,610.0,4170,0,2
353,A,0,0,A,1,0,E,SHEET,1.6,610.0,762,0,5
354,A,0,45,S,,0,D,SHEET,1.6,1300.0,4880,0,3
355,R,0,0,S,2,0,E,COIL,3.2,50.0,0,0,3
356,A,0,80,,,0,G,COIL,0.5,29.0,0,0,3
357,A,0,0,S,1,0,G,SHEET,0.3,595.0,762,0,3
358,A,0,85,,,0,E,SHEET,1.2,1200.0,611,0,U
359,A,0,60,,,0,G,COIL,2.801,355.0,0,0,3
360,A,0,85,,,0,G,COIL,4.0,610.0,0,500,U
361,A,0,0,S,2,0,F,SHEET,0.699,609.9,0,0,3
362,K,65,0,,,0,E,COIL,1.5,900.0,0,0,3
363,R,0,0,S,2,0,E,COIL,4.0,1000.0,0,600,3
365,A,0,0,S,2,0,E,COIL,0.7,610.0,0,0,3
366,A,0,85,,,0,G,COIL,3.201,610.0,0,600,U
367,A,0,0,S,3,0,F,SHEET,1.0,1320.0,762,0,3
368,R,0,0,S,2,0,E,COIL,0.4,1320.0,0,0,3
369,A,0,0,,3,0,E,SHEET,1.6,610.0,762,0,5
370,A,0,0,S,3,0,E,COIL,0.7,610.0,0,0,3
371,A,0,85,,,0,E,SHEET,0.4,1220.0,0,0,U
372,K,65,0,,,0,E,COIL,3.2,900.0,0,500,3
373,A,0,0,A,1,0,F,SHEET,0.5,609.9,612,0,5
374,R,0,0,S,2,0,E,SHEET,1.599,1500.0,612,0,2
375,R,0,0,S,2,0,G,SHEET,0.8,1320.0,4880,0,2
376,A,0,0,S,3,0,G,COIL,2.5,1320.0,0,0,3
377,A,0,0,S,3,0,E,COIL,0.8,900.1,0,0,3
378,R,0,0,S,2,0,E,COIL,4.0,385.1,0,0,3
379,A,0,0,S,1,0,G,SHEET,0.699,1300.0,762,0,3
380,A,0,0,S,2,0,F,SHEET,0.6,610.0,4880,0,3
381,A,0,0,S,3,0,E,SHEET,0.7,375.0,612,0,3
382,A,0,0,S,1,0,G,SHEET,0.4,610.0,762,0,3
383,A,0,0,S,2,0,E,COIL,0.3,1320.0,0,0,3
384,R,0,0,S,2,0,E,COIL,3.2,610.0,0,0,3
385,A,0,85,,,0,G,COIL,1.201,1220.0,0,0,U
386,A,0,45,S,,0,D,SHEET,0.7,1320.0,762,0,3
387,R,0,0,S,2,0,E,COIL,0.8,610.0,0,0,2
388,A,0,45,S,,0,D,COIL,0.699,610.0,0,0,3
389,M,0,0,,,350,G,COIL,1.6,609.9,0,0,3
390,K,65,0,,,0,E,COIL,1.09,610.0,0,0,3
391,A,0,45,S,,0,D,SHEET,0.3,610.0,4880,0,3
392,A,0,0,S,3,0,E,SHEET,1.2,609.9,612,0,3
393,K,65,0,,,0,G,COIL,0.6,900.0,0,0,3
394,R,0,0,S,2,0,E,SHEET,2.0,1500.0,612,0,2
395,V,0,0,S,2,0,G,COIL,0.8,20.0,0,0,2
396,K,45,0,,,0,G,COIL,0.6,900.0,0,0,3
397,A,0,0,S,2,0,F,SHEET,0.999,1220.0,4880,0,3
398,R,0,0,S,2,0,E,SHEET,1.599,1320.0,4880,0,3
399,R,0,0,S,2,0,E,SHEET,2.0,610.0,612,0,2
400,R,6,0,,,0,E,SHEET,0.6,610.0,762,0,3
401,A,0,0,S,2,0,F,SHEET,0.6,609.9,762,0,3
402,M,0,0,,,350,G,COIL,0.9,610.0,0,0,3
403,R,0,0,S,2,0,E,SHEET,1.599,610.0,4880,0,2
404,A,0,50,,,0,E,COIL,0.4,1320.0,0,0,3
405,R,0,0,S,2,0,E,SHEET,1.2,335.0,612,0,2
407,M,0,0,,,600,G,SHEET,0.9,1050.0,1220,0,2
408,A,0,0,S,3,0,E,COIL,1.201,75.0,0,0,3
409,M,0,0,,,600,G,COIL,1.3,1090.0,0,0,2
410,A,0,0,S,2,0,E,COIL,0.7,20.0,0,0,3
411,A,0,0,,,500,G,SHEET,2.0,609.9,301,0,2
412,A,0,85,,,0,G,COIL,1.201,610.0,0,0,U
413,A,0,0,A,1,0,E,COIL,0.799,249.9,0,0,5
414,A,0,0,S,2,0,E,SHEET,0.3,610.0,762,0,3
415,A,0,45,S,,0,D,SHEET,0.599,1320.0,761,0,3
416,W,0,0,,,310,G,SHEET,1.6,610.0,762,0,3
417,A,0,0,S,2,0,E,COIL,0.699,1320.0,0,0,3
418,K,55,0,,,0,E,COIL,1.09,610.0,0,0,3
419,K,65,0,,,0,E,COIL,0.8,900.0,0,0,3
420,A,0,0,,,500,G,COIL,1.6,1320.0,0,0,3
421,V,0,0,S,2,0,E,SHEET,1.599,1320.0,762,0,2
422,A,0,0,S,2,0,E,SHEET,3.2,1320.0,4880,0,3
423,A,0,0,A,2,0,G,COIL,0.301,20.0,0,0,3
424,A,0,0,S,3,0,E,SHEET,0.7,335.0,612,0,3
425,A,0,0,S,2,0,E,SHEET,0.699,1320.0,762,0,3
426,A,0,45,S,,0,D,SHEET,0.699,1220.0,761,0,3
427,K,55,0,,,0,E,COIL,1.09,900.0,0,0,3
428,A,0,60,,,0,G,SHEET,0.801,255.1,269,0,3
429,A,0,85,,,0,E,SHEET,1.2,600.0,150,0,U
430,A,0,0,S,2,0,G,SHEET,0.699,610.0,762,0,3
431,R,0,0,S,3,0,E,SHEET,1.6,831.9,881,0,2
432,R,0,0,A,2,0,G,COIL,0.699,20.0,0,0,3
433,A,0,0,S,2,0,E,COIL,0.321,610.0,0,0,3
434,W,0,0,,,310,G,SHEET,0.8,1275.0,4880,0,3
435,A,0,0,S,2,0,F,SHEET,0.699,1220.0,4880,0,3
436,R,0,0,S,2,0,E,SHEET,0.699,595.0,762,0,3
437,K,55,0,,,0,E,COIL,2.2,900.0,0,0,3
438,A,0,0,S,5,0,E,COIL,1.201,50.0,0,0,3
439,R,0,0,S,2,0,E,SHEET,1.2,335.0,3000,0,2
440,M,0,0,,,350,G,COIL,1.4,1310.0,0,0,3
441,R,0,0,S,2,0,E,SHEET,0.8,610.0,762,0,2
442,R,0,0,S,2,0,E,COIL,4.0,610.0,0,600,3
443,A,0,0,,3,0,F,SHEET,0.5,610.0,762,0,5
444,A,0,60,,,0,G,COIL,2.8,610.0,0,600,3
445,A,0,0,S,2,0,G,COIL,0.799,1300.0,0,0,3
446,R,0,0,S,2,0,E,SHEET,1.6,1500.0,612,0,2
447,R,0,0,S,2,0,E,SHEET,1.2,609.9,4170,0,3
448,A,0,0,S,2,0,E,COIL,3.201,152.0,0,0,3
449,A,0,0,S,3,0,E,SHEET,0.601,1320.0,4880,0,3
450,A,0,0,S,2,0,G,SHEET,0.4,1320.0,4880,0,3
451,R,0,0,S,2,0,E,SHEET,0.7,610.0,762,0,3
452,A,0,0,S,3,0,E,SHEET,1.0,1320.0,762,0,3
453,A,0,80,,,0,G,SHEET,1.6,1320.0,612,0,U
454,A,0,0,,,500,G,COIL,1.6,1525.0,0,0,3
455,R,0,0,S,3,0,E,SHEET,2.0,610.0,4170,0,2
456,A,0,0,S,1,0,G,COIL,0.799,20.0,0,0,3
457,R,0,0,S,2,0,E,SHEET,0.8,1300.0,762,0,2
458,A,0,0,,3,0,F,SHEET,0.6,610.0,300,0,5
459,A,0,0,A,1,0,E,COIL,1.6,610.0,0,0,5
460,A,0,0,S,2,0,E,SHEET,0.699,1320.0,762,0,3
461,A,0,70,,,0,G,COIL,2.5,610.0,0,600,3
462,A,0,50,,,0,E,COIL,0.451,20.0,0,0,3
463,R,0,0,S,2,0,E,SHEET,0.8,1500.0,4170,0,2
464,R,0,0,S,2,0,E,SHEET,0.699,1320.0,761,0,3
465,A,0,0,S,2,0,E,SHEET,3.201,1320.0,4880,0,3
466,A,0,0,S,2,0,F,SHEET,0.6,300.1,762,0,3
467,A,4,0,,,0,G,COIL,0.5,25.0,0,0,3
468,R,0,0,S,2,0,E,COIL,3.5,1000.0,0,600,3
469,A,0,0,S,2,0,F,SHEET,0.6,609.9,4880,0,3
470,A,0,70,,,0,G,COIL,0.8,50.0,0,0,3
471,R,0,0,S,2,0,E,COIL,1.6,1320.0,0,0,3
472,A,0,0,S,1,0,G,COIL,0.3,609.9,0,0,3
473,R,0,0,S,3,0,E,SHEET,1.6,609.9,612,0,3
474,A,0,0,S,3,0,F,SHEET,0.6,610.0,4170,0,3
475,A,0,50,,,0,G,COIL,3.2,610.0,0,0,3
476,A,0,70,,,0,G,COIL,0.6,610.0,0,0,3
477,A,0,45,S,,0,D,COIL,0.7,1320.0,0,0,3
478,A,0,60,,,0,G,COIL,4.0,385.1,0,0,3
479,A,0,70,,,0,G,COIL,0.6,1320.0,0,600,3
480,K,45,0,,,0,E,COIL,2.2,640.0,0,0,3
481,A,0,0,S,2,0,G,COIL,0.699,20.0,0,0,3
482,A,0,0,S,2,0,E,COIL,0.699,1320.0,0,0,3
483,A,0,0,S,2,0,G,SHEET,1.2,609.9,614,0,3
484,A,0,0,S,3,0,E,SHEET,1.0,1320.0,4880,0,3
485,A,0,0,S,3,0,E,COIL,1.2,609.9,0,0,5
486,K,65,0,,,0,E,COIL,1.0,610.0,0,0,3
487,K,55,0,,,0,E,COIL,1.5,900.0,0,0,3
488,K,45,0,,,0,E,COIL,3.2,900.0,0,0,3
489,A,0,0,S,2,0,E,SHEET,0.699,610.0,762,0,3
490,R,0,0,A,2,0,G,COIL,0.699,609.9,0,0,3
491,A,0,0,S,3,0,E,COIL,0.699,610.0,0,0,3
492,R,0,0,S,2,0,E,SHEET,0.3,1320.0,762,0,3
493,W,0,0,,,310,G,SHEET,2.501,1275.0,4880,0,3
494,A,0,85,,,0,E,SHEET,1.0,1220.0,762,0,U
495,A,0,45,S,,0,D,SHEET,0.7,610.0,759,0,3
496,A,0,45,S,,0,D,SHEET,0.7,609.9,3000,0,3
497,A,0,85,,,0,G,SHEET,3.2,200.1,4880,0,U
498,A,0,0,S,2,0,E,COIL,0.4,609.9,0,0,3
499,A,0,0,,3,0,F,SHEET,0.6,335.0,3000,0,5
500,A,0,50,,,0,E,SHEET,0.6,1250.0,4880,0,3
501,R,0,0,S,2,0,E,SHEET,0.7,1300.0,762,0,3
502,A,0,0,,3,0,F,SHEET,0.6,610.0,612,0,5
503,R,0,0,S,2,0,E,SHEET,3.2,610.0,4880,0,3
504,A,0,0,S,1,0,G,SHEET,0.3,610.0,762,0,3
505,A,0,0,S,3,0,E,COIL,0.6,609.0,0,0,3
506,A,0,85,,,0,E,SHEET,1.2,1200.0,150,0,U
507,A,0,85,,,0,G,COIL,1.2,609.9,0,0,U
508,A,0,0,S,3,0,E,SHEET,0.7,609.9,4170,0,3
509,R,0,0,S,2,0,E,SHEET,1.599,1300.0,4880,0,2
510,A,0,0,S,2,0,E,COIL,0.699,20.0,0,0,3
511,R,0,0,S,2,0,E,COIL,0.699,1320.0,0,0,3
512,A,0,0,S,1,0,G,SHEET,0.3,1300.0,762,0,3
513,R,0,0,S,2,0,E,SHEET,1.2,1320.0,4170,0,3
514,A,0,0,S,2,0,F,SHEET,0.6,520.0,4880,0,3
515,A,0,0,S,2,0,G,COIL,0.3,610.0,0,0,3
516,A,0,0,S,2,0,F,SHEET,0.6,610.0,4880,0,3
517,A,0,0,S,2,0,E,SHEET,0.7,610.0,762,0,3
518,A,0,0,S,3,0,E,SHEET,0.601,610.0,4880,0,3
519,A,0,0,A,1,0,E,SHEET,1.6,610.0,762,0,5
520,A,0,0,S,2,0,E,COIL,0.6,609.9,0,0,3
521,A,0,45,S,,0,D,SHEET,0.3,519.9,762,0,3
522,R,0,0,S,3,0,E,COIL,1.0,75.0,0,0,3
523,K,55,0,,,0,G,COIL,2.3,900.0,0,500,3
524,A,0,0,S,2,0,E,SHEET,0.3,610.0,4880,0,3
525,A,0,60,,,0,G,SHEET,0.8,356.1,762,0,3
526,R,0,0,S,2,0,E,SHEET,0.8,1300.0,4880,0,2
527,A,0,85,,,0,G,COIL,3.201,190.0,0,0,U
528,W,0,0,,,310,G,COIL,2.501,600.1,0,0,3
529,A,0,0,S,2,0,F,SHEET,0.999,610.0,762,0,3
530,A,0,0,,3,0,E,COIL,1.2,609.9,0,0,5
531,A,0,60,,,0,G,COIL,0.799,609.9,0,0,3
532,R,0,0,S,2,0,E,SHEET,0.699,610.0,150,0,3
533,V,0,0,S,2,0,G,COIL,0.7,1320.0,0,0,3
534,K,45,0,,,0,E,COIL,1.5,640.0,0,0,3
535,A,0,0,,,500,G,COIL,1.6,610.0,0,0,3
536,R,0,0,S,2,0,E,SHEET,3.2,1320.0,762,0,3
537,A,0,0,S,1,0,G,SHEET,0.301,500.0,4120,0,3
538,K,45,0,,,0,E,COIL,3.2,900.0,0,0,3
539,A,0,45,S,,0,E,SHEET,0.7,1320.0,762,0,3
540,R,0,0,S,2,0,E,SHEET,2.0,610.0,4170,0,2
541,K,65,0,,,0,E,COIL,1.0,610.0,0,0,3
542,K,65,0,,,0,E,COIL,2.3,640.0,0,500,3
543,R,0,0,S,2,0,E,SHEET,1.6,610.0,612,0,2
544,R,0,0,S,3,0,E,SHEET,0.8,610.0,762,0,2
545,A,0,0,S,2,0,F,SHEET,0.6,520.0,762,0,3
546,A,0,0,S,5,0,E,COIL,0.8,609.9,0,0,3
547,A,0,0,,3,0,E,COIL,1.6,600.1,0,0,5
548,V,0,0,S,2,0,G,SHEET,0.8,1320.0,4880,0,2
549,R,0,0,S,2,0,E,SHEET,1.601,610.0,762,0,3
550,R,0,0,S,2,0,E,SHEET,0.7,1320.0,762,0,3
551,A,0,0,,3,0,E,SHEET,1.6,1220.0,612,0,5
552,A,0,45,S,,0,D,SHEET,0.699,610.0,4880,0,3
553,A,0,0,S,2,0,F,SHEET,0.6,609.9,762,0,3
554,A,0,0,S,5,0,E,COIL,0.7,20.0,0,0,3
555,R,0,0,S,2,0,E,COIL,0.8,1320.0,0,0,2
556,R,0,0,S,2,0,E,COIL,0.8,609.9,0,0,3
557,A,0,0,S,3,0,E,COIL,0.601,610.0,0,0,3
558,R,0,0,S,2,0,E,SHEET,0.8,610.0,762,0,2
559,W,0,0,,,310,G,SHEET,1.599,1275.0,762,0,3
560,A,0,0,S,1,0,G,SHEET,0.4,1220.0,4170,0,3
561,A,0,0,S,3,0,E,COIL,0.799,20.0,0,0,3
562,K,45,0,,,0,E,COIL,1.5,640.0,0,0,3
563,R,6,0,,,0,E,SHEET,1.0,1320.0,762,0,3
564,R,0,0,S,2,0,E,SHEET,1.599,610.0,762,0,3
565,K,45,0,,,0,E,COIL,3.2,900.0,0,600,3
566,A,0,0,S,2,0,E,COIL,0.301,610.0,0,0,3
567,A,0,0,,3,0,F,SHEET,0.6,609.9,1,0,5
568,A,0,0,S,3,0,E,SHEET,0.7,609.9,612,0,3
569,A,0,50,,,0,E,COIL,0.3,1250.0,0,0,3
570,A,0,50,,,0,E,COIL,0.3,610.0,0,0,3
571,A,0,0,,,500,G,SHEET,2.0,300.1,301,0,2
572,R,0,0,S,2,0,E,SHEET,1.599,1300.0,762,0,3
573,A,0,0,S,2,0,G,SHEET,0.7,610.0,4880,0,3
574,A,0,0,S,2,0,E,COIL,1.2,599.9,0,0,3
575,A,0,60,,,0,G,SHEET,0.8,356.1,4880,0,3
576,R,0,0,S,2,0,E,SHEET,1.601,610.0,4880,0,3
577,A,0,85,,,0,E,SHEET,0.4,600.0,611,0,U
578,R,0,0,A,3,0,G,COIL,0.601,610.0,0,0,3
579,A,0,0,S,2,0,G,COIL,0.699,20.0,0,0,3
580,A,0,0,S,3,0,F,SHEET,1.2,610.0,762,0,3
581,A,0,0,S,3,0,E,COIL,0.6,610.0,0,0,3
582,A,0,60,,,0,G,SHEET,0.801,356.0,762,0,3
583,W,0,0,,,310,G,SHEET,2.5,610.0,762,0,3
584,R,0,0,S,2,0,E,SHEET,0.699,609.0,612,0,3
585,A,0,0,S,2,0,G,COIL,3.2,610.0,0,0,3
586,A,0,0,,,500,G,SHEET,2.0,300.1,301,0,2
587,A,0,0,S,3,0,G,COIL,1.0,1320.0,0,0,3
588,A,0,0,,,500,G,SHEET,1.6,610.0,762,0,2
589,A,0,0,S,2,0,F,SHEET,0.6,1320.0,301,0,3
590,A,0,0,S,2,0,E,COIL,3.2,609.9,0,0,3
591,A,0,45,S,,0,D,COIL,0.7,610.0,0,0,3
592,A,0,85,,,0,G,COIL,1.001,609.9,0,0,U
593,A,0,0,S,2,0,F,SHEET,0.699,519.0,762,0,3
594,K,65,0,,,0,G,COIL,3.0,65.1,0,0,3
595,R,0,0,S,2,0,E,SHEET,1.599,610.0,4170,0,3
596,A,0,0,S,2,0,E,SHEET,0.7,609.9,4880,0,3
597,A,0,50,,,0,G,COIL,0.6,610.0,0,0,3
598,A,0,0,S,2,0,E,SHEET,0.7,1320.0,762,0,3
599,R,0,0,S,3,0,E,SHEET,0.8,1320.0,761,0,2
600,K,45,0,,,0,G,COIL,0.6,610.0,0,0,3
601,R,0,0,S,2,0,E,COIL,0.7,1220.0,0,0,3
602,A,0,0,S,2,0,F,SHEET,0.6,520.0,762,0,3
603,A,0,45,S,,0,D,SHEET,0.3,1320.0,762,0,3
604,A,0,0,S,2,0,G,SHEET,0.4,1320.0,762,0,3
605,A,0,0,A,1,0,F,SHEET,0.5,1220.0,4880,0,5
606,A,0,0,S,2,0,G,COIL,3.201,0.0,0,0,3
607,R,0,0,A,2,0,G,COIL,0.699,1250.0,0,0,3
608,K,55,0,,,0,E,COIL,3.2,640.0,0,600,3
609,A,0,0,A,1,0,E,COIL,0.8,50.0,0,0,5
610,A,0,0,S,3,0,E,SHEET,1.0,610.0,762,0,3
611,A,0,0,S,3,0,E,COIL,1.6,609.9,0,0,5
612,A,0,60,,,0,G,COIL,0.799,20.0,0,0,3
613,R,0,0,S,3,0,E,COIL,0.601,610.0,0,0,3
614,A,0,0,S,1,0,G,SHEET,0.3,1320.0,762,0,3
615,A,0,85,,,0,G,COIL,0.4,609.9,0,0,U
616,R,0,0,S,2,0,E,SHEET,0.7,610.0,762,0,3
617,A,0,0,S,2,0,F,SHEET,0.6,610.0,761,0,3
618,A,0,0,S,2,0,G,COIL,0.699,609.9,0,0,3
619,A,0,80,,,0,G,COIL,0.5,28.0,0,0,3
620,A,0,0,S,2,0,G,SHEET,0.7,610.0,4170,0,3
621,A,0,45,S,,0,D,SHEET,0.4,1220.0,761,0,3
622,R,0,0,S,2,0,E,SHEET,0.4,610.0,150,0,3
623,R,0,0,S,2,0,E,SHEET,3.2,610.0,762,0,3
624,A,0,0,S,1,0,G,SHEET,0.3,610.0,761,0,3
625,A,0,85,,,0,G,COIL,4.0,1000.0,0,600,U
626,R,6,0,,,0,E,SHEET,1.0,610.0,4880,0,3
627,A,0,45,S,,0,D,SHEET,1.6,610.0,4880,0,3
628,R,0,0,S,3,0,E,SHEET,0.8,609.9,762,0,2
629,A,0,50,,,0,G,COIL,0.601,610.0,0,0,3
630,R,0,0,S,2,0,E,SHEET,0.699,1320.0,762,0,3
631,A,0,60,,,0,G,COIL,4.0,50.0,0,0,3
632,W,0,0,,,310,G,SHEET,2.5,1274.9,762,0,3
633,R,0,0,S,3,0,E,SHEET,1.599,150.0,762,0,2
634,W,0,0,,,310,G,COIL,0.8,609.9,0,0,3
635,A,0,0,S,2,0,F,SHEET,0.6,609.9,4880,0,3
636,A,0,45,S,,0,D,SHEET,1.6,1320.0,759,0,3
637,R,0,0,S,3,0,E,SHEET,1.601,830.0,881,0,2
638,A,0,0,S,2,0,E,COIL,1.6,60.0,0,0,3
639,A,0,70,,,0,G,COIL,0.801,1320.0,0,600,3
640,R,0,0,S,2,0,E,COIL,1.599,610.0,0,0,2
641,A,0,0,S,1,0,G,SHEET,0.3,1220.0,4170,0,3
642,R,0,0,S,2,0,E,SHEET,1.601,150.0,4880,0,3
643,A,0,60,,,0,G,COIL,1.001,1320.0,0,500,3
644,A,0,45,S,,0,D,SHEET,0.699,1320.0,4880,0,3
645,A,0,0,S,2,0,E,SHEET,0.3,1320.0,762,0,3
646,M,0,0,,,600,G,SHEET,1.299,1050.0,1220,0,2
647,A,0,0,S,2,0,F,SHEET,0.6,300.1,4880,0,3
648,A,0,0,,3,0,F,SHEET,0.6,1220.0,762,0,5
649,R,0,0,S,2,0,E,SHEET,0.699,610.0,761,0,3
650,A,0,0,S,1,0,G,SHEET,0.699,610.0,612,0,3
651,R,0,0,S,2,0,E,SHEET,1.6,609.9,762,0,3
652,A,0,45,S,,0,D,SHEET,0.699,1320.0,4880,0,3
653,A,0,0,S,5,0,E,COIL,1.2,610.0,0,0,3
654,W,0,0,,,310,G,SHEET,0.8,1275.0,762,0,3
655,R,0,0,S,2,0,E,SHEET,1.2,1320.0,611,0,3
656,R,0,0,S,3,0,E,SHEET,0.8,610.0,1,0,2
657,A,0,60,,,0,G,SHEET,0.8,255.0,270,0,3
658,A,8,0,S,,0,G,COIL,0.699,20.0,0,0,3
659,A,0,0,S,2,0,F,SHEET,0.6,520.0,0,0,3
660,A,0,45,S,,0,D,SHEET,0.4,610.0,300,0,3
661,A,0,45,S,,0,D,COIL,0.4,610.0,0,0,3
662,M,0,0,,,600,G,SHEET,0.9,610.0,3000,0,2
663,A,0,60,,,0,G,COIL,2.801,610.0,0,600,3
664,K,55,0,,,0,E,COIL,2.3,900.0,0,600,3
665,R,6,0,,,0,E,SHEET,0.6,1320.0,4880,0,3
666,A,0,0,,3,0,E,SHEET,1.6,610.0,4880,0,5
667,R,0,0,S,2,0,E,SHEET,1.2,610.0,4170,0,3
668,A,0,0,S,2,0,E,SHEET,1.599,1320.0,4880,0,3
669,A,0,0,S,1,0,G,SHEET,0.3,374.9,762,0,3
670,A,0,0,,3,0,E,COIL,0.6,609.9,0,0,5
671,A,0,50,,,0,E,SHEET,0.6,1250.0,4880,0,3
672,A,0,0,S,1,0,G,COIL,0.4,609.9,0,0,3
673,R,0,0,S,2,0,E,SHEET,0.699,610.0,4880,0,3
674,A,0,70,,,0,G,COIL,0.799,609.9,0,0,3
675,A,0,0,S,2,0,F,SHEET,0.699,519.9,762,0,3
676,R,0,0,S,2,0,E,SHEET,0.8,610.0,762,0,2
677,A,0,50,,,0,E,SHEET,0.601,1250.0,4880,0,3
678,R,0,0,S,2,0,E,COIL,0.4,610.0,0,0,3
679,A,0,0,A,2,0,G,COIL,0.3,1320.0,0,0,3
680,A,0,85,,,0,G,COIL,1.0,20.0,0,0,U
681,A,0,0,,3,0,E,COIL,1.6,610.0,0,0,5
682,M,0,0,,,600,G,SHEET,2.0,1320.0,4880,0,2
683,A,0,45,S,,0,D,SHEET,0.699,1320.0,760,0,3
684,K,55,0,,,0,E,COIL,2.3,640.0,0,600,3
685,A,0,0,A,2,0,G,COIL,3.2,1320.0,0,0,3
686,A,0,50,,,0,G,COIL,1.201,610.0,0,0,3
687,A,0,0,S,2,0,E,SHEET,0.3,1320.0,4880,0,3
688,R,0,0,S,3,0,E,SHEET,0.699,609.9,762,0,3
689,R,0,0,S,2,0,E,SHEET,0.8,610.0,4880,0,2
690,A,0,0,S,5,0,E,COIL,0.7,609.9,0,0,3
691,R,0,0,S,2,0,E,SHEET,0.4,1320.0,761,0,3
692,R,0,0,S,2,0,E,COIL,1.6,610.0,0,0,2
693,A,0,0,,3,0,F,SHEET,1.6,1220.0,761,0,5
694,A,0,0,S,2,0,F,SHEET,0.699,1220.0,4880,0,3
695,R,0,0,S,2,0,E,SHEET,1.599,1525.0,4170,0,2
696,A,0,0,S,2,0,E,COIL,1.6,610.0,0,0,3
697,R,6,0,,,0,G,COIL,0.5,610.0,0,0,3
698,A,0,0,S,2,0,G,COIL,0.3,610.0,0,0,3
699,A,0,0,S,2,0,E,SHEET,0.699,610.0,4880,0,3
700,A,0,0,,3,0,E,COIL,0.6,609.9,0,0,5
701,R,0,0,S,2,0,E,COIL,0.3,610.0,0,0,3
702,A,0,60,,,0,G,COIL,0.801,1320.0,0,600,3
703,A,0,0,,3,0,E,SHEET,1.6,610.0,762,0,5
704,A,0,50,,,0,E,SHEET,0.451,610.0,762,0,3
705,A,0,50,,,0,G,COIL,0.601,610.0,0,0,3
706,A,0,0,,3,0,E,COIL,0.6,609.9,0,0,5
707,R,0,0,S,3,0,E,SHEET,1.599,1320.0,762,0,2
708,A,0,0,,3,0,E,SHEET,1.6,335.0,612,0,5
709,A,0,45,S,,0,D,SHEET,0.3,610.0,761,0,3
710,A,0,0,S,2,0,E,SHEET,0.3,610.0,762,0,3
711,R,0,0,S,2,0,E,SHEET,0.4,1320.0,150,0,3
712,A,0,0,,,500,G,COIL,0.9,1320.0,0,0,3
713,A,0,70,,,0,G,COIL,0.8,610.0,0,0,3
714,R,0,0,S,3,0,E,COIL,0.8,609.9,0,0,2
715,A,0,70,,,0,G,COIL,0.799,609.0,0,0,3
716,R,0,0,A,2,0,G,COIL,0.699,609.9,0,0,3
717,A,0,0,S,2,0,E,SHEET,1.6,150.0,762,0,3
718,A,0,45,S,,0,D,COIL,0.7,1320.0,0,0,3
719,A,0,50,,,0,E,SHEET,0.4,1220.0,762,0,3
720,A,0,85,,,0,E,COIL,0.321,1220.0,0,0,U
721,W,0,0,,,310,G,SHEET,1.6,1274.9,4880,0,3
722,A,0,45,S,,0,D,SHEET,0.7,610.0,4880,0,3
723,A,0,0,S,2,0,E,COIL,1.6,606.9,0,0,3
724,R,0,0,S,2,0,E,SHEET,0.7,609.9,762,0,3
725,A,0,45,S,,0,D,COIL,0.699,610.0,0,0,3
726,R,0,0,S,3,0,E,COIL,0.8,20.0,0,0,2
727,K,55,0,,,0,G,COIL,1.0,900.0,0,0,3
728,A,0,0,,,500,G,SHEET,2.0,609.9,4880,0,2
729,R,0,0,S,2,0,E,SHEET,1.2,150.0,612,0,3
730,A,0,60,,,0,G,COIL,0.6,610.0,0,0,3
731,A,0,85,,,0,G,SHEET,1.2,1220.0,4880,0,U
732,S,70,0,,,0,E,SHEET,1.6,1320.0,762,0,3
733,A,0,50,,,0,G,COIL,1.201,1320.0,0,0,3
734,R,0,0,S,3,0,E,SHEET,1.6,1525.0,612,0,2
735,A,0,45,S,,0,D,SHEET,0.3,150.0,4880,0,3
736,A,0,0,,3,0,F,SHEET,0.6,335.0,1,0,5
737,A,0,0,S,2,0,G,SHEET,1.601,1300.0,762,0,3
738,R,0,0,S,2,0,E,SHEET,0.3,1320.0,762,0,3
739,R,0,0,S,3,0,E,SHEET,0.6,609.0,4880,0,3
740,R,0,0,S,2,0,E,COIL,0.7,1220.0,0,0,3
741,R,0,0,S,2,0,E,COIL,1.599,609.9,0,0,2
742,A,0,0,S,1,0,G,SHEET,0.3,595.0,4880,0,3
743,R,0,0,A,3,0,G,SHEET,0.7,1320.0,4880,0,3
744,R,0,0,S,2,0,E,COIL,1.6,610.0,0,0,3
745,R,0,0,S,3,0,E,COIL,0.8,75.0,0,0,3
746,V,0,0,S,2,0,E,COIL,0.8,609.9,0,0,3
747,R,0,0,S,2,0,E,SHEET,0.7,150.0,612,0,3
748,R,0,0,S,2,0,E,SHEET,0.7,150.0,762,0,3
749,A,0,0,,3,0,F,SHEET,1.6,1220.0,762,0,5
750,A,0,70,,,0,G,COIL,2.801,1000.0,0,600,3
751,R,0,0,A,3,0,G,COIL,0.6,1320.0,0,0,3
752,A,0,70,,,0,E,COIL,0.6,610.0,0,0,3
753,S,70,0,,,0,G,SHEET,2.5,610.0,4880,0,3
754,A,0,0,S,3,0,E,SHEET,1.2,609.9,4170,0,3
755,R,0,0,S,2,0,E,SHEET,0.7,609.9,762,0,3
756,R,0,0,S,2,0,E,SHEET,1.599,610.0,762,0,3
757,R,0,0,S,3,0,E,SHEET,0.601,609.9,612,0,3
758,R,0,0,S,2,0,E,SHEET,0.699,1320.0,4880,0,3
759,R,0,0,S,2,0,E,SHEET,1.2,610.0,4170,0,3
760,R,0,0,S,2,0,E,COIL,0.4,610.0,0,0,3
761,A,0,45,S,,0,D,SHEET,0.7,610.0,4880,0,3
762,A,0,0,S,2,0,F,SHEET,0.7,1220.0,762,0,3
763,R,0,0,S,2,0,E,COIL,0.4,609.9,0,0,3
764,A,0,0,S,2,0,G,SHEET,0.7,1300.0,4170,0,3
765,A,0,0,,3,0,E,COIL,0.8,50.0,0,0,5
766,K,65,0,,,0,E,COIL,1.1,610.0,0,0,3
767,R,0,0,S,2,0,E,SHEET,2.0,1500.0,4170,0,2
768,R,0,0,S,2,0,E,COIL,0.7,610.0,0,0,3
769,W,0,0,,,310,G,COIL,2.5,610.0,0,600,3
770,R,0,0,S,2,0,E,SHEET,1.2,609.9,4170,0,3
771,A,0,0,,3,0,F,SHEET,0.6,335.0,611,0,5
772,R,0,0,S,2,0,E,SHEET,3.2,1300.0,4880,0,3
773,A,0,0,S,2,0,F,SHEET,0.6,610.0,4880,0,3
774,A,0,0,S,2,0,G,SHEET,0.7,610.0,4880,0,3
775,A,0,0,S,2,0,E,COIL,0.699,610.0,0,0,3
776,A,0,0,S,1,0,G,SHEET,0.699,374.9,4880,0,3
777,R,0,0,S,3,0,E,SHEET,1.599,1320.0,4880,0,2
778,A,0,0,S,2,0,E,SHEET,0.3,610.0,4880,0,3
779,A,0,0,S,2,0,G,SHEET,0.4,610.0,762,0,3
780,R,0,0,S,2,0,E,SHEET,0.699,375.0,612,0,3
781,A,0,0,S,1,0,G,COIL,0.3,20.0,0,0,3
782,A,0,0,S,2,0,E,COIL,0.4,610.0,0,0,3
783,A,0,45,S,,0,D,SHEET,1.6,610.0,4880,0,3
784,R,0,0,S,2,0,E,SHEET,1.601,1320.0,4880,0,3
785,A,0,0,S,2,0,E,COIL,3.201,609.9,0,0,3
786,K,45,0,,,0,E,COIL,2.3,900.0,0,600,3
787,R,0,0,S,2,0,E,SHEET,3.2,150.0,762,0,3
788,V,0,0,S,2,0,G,SHEET,0.8,610.0,4880,0,2
789,A,0,0,A,1,0,E,COIL,0.8,250.0,0,0,5
790,R,0,0,S,2,0,E,SHEET,3.2,1300.0,4880,0,3
791,K,55,0,,,0,E,COIL,3.2,900.0,0,600,3
792,R,0,0,S,2,0,E,COIL,0.9,966.0,0,0,3
793,A,0,50,,,0,G,COIL,1.001,50.0,0,0,3
794,A,0,0,S,1,0,G,SHEET,0.699,1300.0,4880,0,3
795,A,0,0,S,2,0,E,COIL,0.4,609.9,0,0,3
796,A,0,0,S,2,0,G,SHEET,3.2,610.0,4880,0,3
797,R,0,0,S,2,0,E,SHEET,1.599,1500.0,4170,0,2
